variant,prompt,response
A,"Product description: A pair of shoes that can
fit any foot size.
Seed words: adaptable, fit, omni-fit.
Product names:","Given the seed words and product description, here are some potential product names for an adaptable shoe that fits any foot size:

1. **Omni-Fit Flex**
2. **AdaptaStep Shoes**
3. **SizelessSoles**
4. **FlexiFit Footwear**
5. **AdjustaShoes**
6. **Unisize Uppers**
7. **FootMorpher Shoes**
8. **EvoFit Footwear**
9. **Omni-Fit Pro**
10. **Adaptive Solemates**

These names emphasize the shoe's adaptability and ability to fit a wide range of foot sizes comfortably."
A,"Product description: A pair of shoes that can
fit any foot size.
Seed words: adaptable, fit, omni-fit.
Product names:","1. **Omni-Fit Adaptsoles**
2. **FlexiFit Universal Shoes**
3. **Sizeless Stepz**
4. **AdaptiveStride Footwear**
5. **OmniFusion Flex Shoes**
6. **AdjustaStep Comfort Fit**
7. **Uni-Size Solemates**
8. **DynamicFit Footwraps**
9. **MorphFit Omni-Shoes**
10. **FlexiForm Adaptivs**"
A,"Product description: A pair of shoes that can
fit any foot size.
Seed words: adaptable, fit, omni-fit.
Product names:","1. **OmniFit Flex Shoes**
2. **AdaptiveStep Solemates**
3. **VersaSize ComfortSole**
4. **MorphToFit Sneakers**
5. **ElastiGrip Footformers**
6. **FlexiSpan Adaptivs**
7. **UniSize StepEase**
8. **InfiniFit Pedestals**
9. **DynamiFits Flatforms**
10. **ShapeShift Solemates**"
A,"Product description: A pair of shoes that can
fit any foot size.
Seed words: adaptable, fit, omni-fit.
Product names:","Here are some product name ideas based on the seed words and requirements:

1. **OmniFit Shoes**
2. **AdaptaStep**
3. **FlexiSize Pro**
4. **DynamicDress**
5. **ShapeShift Solemates**
6. **UniversalStride**
7. **MorphStep**
8. **EvoFit Sneakers**
9. **VersaStep Footwear**
10. **ExpandEase Shoes**

These names reflect the adaptable and fitting nature of the shoes while also highlighting their versatility for various foot sizes."
A,"Product description: A pair of shoes that can
fit any foot size.
Seed words: adaptable, fit, omni-fit.
Product names:","Based on the seed words and the unique feature of these shoes being able to fit any foot size, here are some product name ideas:

1. **OmniFit Flex**
2. **AdaptoStep Shoes**
3. **FootMorph Comforts**
4. **Sizeless Solemates**
5. **InnoFit Universal**
6. **FlexiForm Footwear**
7. **EvoSole Adaptives**
8. **VersaStride Pioneers**
9. **MorphShoes Omni-Fit**
10. **ElastoWear Flexsoles**

Each name captures the essence of adaptability and universal fit, highlighting the unique selling points of these shoes."
B,"Product description: A home milkshake maker.
Seed words: fast, healthy, compact.
Product names: HomeShaker, Fit Shaker, QuickShake, Shake
Maker

Product description: A watch that can tell accurate time in
space.
Seed words: astronaut, space-hardened, eliptical orbit
Product names: AstroTime, SpaceGuard, Orbit-Accurate,
EliptoTime.

Product description: A pair of shoes that can fit any foot
size.
Seed words: adaptable, fit, omni-fit.
Product names:","Product description: A pair of shoes that can fit any foot size.
Seed words: adaptable, fit, omni-fit.

Product names:
1. FlexStep
2. OmniFitShoe
3. AdaptaStride
4. SizelessSole

These product names reflect the shoe's ability to adapt to different foot sizes and provide a comfortable fit for everyone."
B,"Product description: A home milkshake maker.
Seed words: fast, healthy, compact.
Product names: HomeShaker, Fit Shaker, QuickShake, Shake
Maker

Product description: A watch that can tell accurate time in
space.
Seed words: astronaut, space-hardened, eliptical orbit
Product names: AstroTime, SpaceGuard, Orbit-Accurate,
EliptoTime.

Product description: A pair of shoes that can fit any foot
size.
Seed words: adaptable, fit, omni-fit.
Product names:","Product description: A pair of shoes that can fit any foot size.
Seed words: adaptable, fit, omni-fit.

Product names:
1. FitFlex
2. AdaptStep
3. OmniSize Shoes
4. VersaFit

These product names emphasize the adaptability and universal fitting capabilities of the shoes, making them appealing to a wide range of consumers looking for comfortable and adjustable footwear solutions."
B,"Product description: A home milkshake maker.
Seed words: fast, healthy, compact.
Product names: HomeShaker, Fit Shaker, QuickShake, Shake
Maker

Product description: A watch that can tell accurate time in
space.
Seed words: astronaut, space-hardened, eliptical orbit
Product names: AstroTime, SpaceGuard, Orbit-Accurate,
EliptoTime.

Product description: A pair of shoes that can fit any foot
size.
Seed words: adaptable, fit, omni-fit.
Product names:","Product description: A pair of shoes that can fit any foot size.
Seed words: adaptable, fit, omni-fit.

Product names:
1. FlexFit
2. AdaptaStep
3. OmniStride
4. FitMorph

These product names reflect the key features and benefits of a shoe that is highly adaptable to different foot sizes, ensuring a perfect fit for everyone."
B,"Product description: A home milkshake maker.
Seed words: fast, healthy, compact.
Product names: HomeShaker, Fit Shaker, QuickShake, Shake
Maker

Product description: A watch that can tell accurate time in
space.
Seed words: astronaut, space-hardened, eliptical orbit
Product names: AstroTime, SpaceGuard, Orbit-Accurate,
EliptoTime.

Product description: A pair of shoes that can fit any foot
size.
Seed words: adaptable, fit, omni-fit.
Product names:","Based on the seed words and the product description for a pair of shoes that can fit any foot size, here are some suitable product name suggestions:

1. FlexFit Shoes
2. OmniSize Shoes
3. AdaptStep
4. SizeShift Shoes

These names emphasize the adaptable and fitting nature of the shoes while being catchy and memorable."
B,"Product description: A home milkshake maker.
Seed words: fast, healthy, compact.
Product names: HomeShaker, Fit Shaker, QuickShake, Shake
Maker

Product description: A watch that can tell accurate time in
space.
Seed words: astronaut, space-hardened, eliptical orbit
Product names: AstroTime, SpaceGuard, Orbit-Accurate,
EliptoTime.

Product description: A pair of shoes that can fit any foot
size.
Seed words: adaptable, fit, omni-fit.
Product names:","For the product description ""A pair of shoes that can fit any foot size,"" using the seed words ""adaptable,"" ""fit,"" and ""omni-fit,"" here are some potential product names:

1. **FlexiFit**
2. **OmniStep**
3. **Adaptsole**
4. **ShapeShoe**
5. **AnySize**

These names emphasize adaptability, universal fit, and the ability to accommodate various foot sizes."
